id,FirstName,lastName,gender,contactNo,country,village,company
1,Anusha,Akuthota,F,98078076,india,nagireddypoor,capgemini
2,hyma,rajana,F,87654321,us,vizag,capgemini
3,reethika,maddipati,F,98764321,india,rajamandri,capgemini
4,jaggu,rayavarapu,M,98765443,india,vijayawada,capgemini
5,manu,kadiyala,M,87542315,us,bobbili,capgemini
6,aku,konda,F,95654321,pk,peddapalli,infy
7,hfyhchf,hjguikjv kjh,M,90807987,mnj, bjn kn,bugurfc
8,jbgjfyh v,ghftygcjh,F,80767063,guhihoj,hubihnk,jhiknkj
9,hhhbj,hfychfy,M,98709876,hgubkju,hfvhhf,okoj0u
10,gftrfvhyt,hinkjujn,F,90876054,uyuh,hbhfrsez,hjjbugjb
